2026-03-17 15:23:52,1,s1_blr_2e-3,done,0.2264,Sweep blr=2e-3 (current=3e-3). LR sweep around current best 3e-3,"{""blr"": ""2e-3""}"
2026-03-17 15:24:06,1,s1_blr_4e-3,done,0.2284,Sweep blr=4e-3 (current=3e-3). LR sweep around current best 3e-3,"{""blr"": ""4e-3""}"
2026-03-17 15:24:20,1,s1_blr_5e-3,done,0.2393,Sweep blr=5e-3 (current=3e-3). LR sweep around current best 3e-3,"{""blr"": ""5e-3""}"
2026-03-17 15:24:34,1,s1_blr_6e-3,done,0.2636,Sweep blr=6e-3 (current=3e-3). LR sweep around current best 3e-3,"{""blr"": ""6e-3""}"
2026-03-17 15:24:48,1,s1_blr_8e-3,done,0.3890,Sweep blr=8e-3 (current=3e-3). LR sweep around current best 3e-3,"{""blr"": ""8e-3""}"
2026-03-17 15:25:03,2,s2_P_mean_-1.0,done,0.2230,Sweep P_mean=-1.0 (current=-2.0). P_mean sweep around current -2.0,"{""P_mean"": ""-1.0""}"
2026-03-17 15:25:17,2,s2_P_mean_-1.5,done,0.2104,Sweep P_mean=-1.5 (current=-2.0). P_mean sweep around current -2.0,"{""P_mean"": ""-1.5""}"
2026-03-17 15:25:31,2,s2_P_mean_-2.5,done,0.2419,Sweep P_mean=-2.5 (current=-2.0). P_mean sweep around current -2.0,"{""P_mean"": ""-2.5""}"
2026-03-17 15:25:44,2,s2_P_mean_-3.0,done,0.2892,Sweep P_mean=-3.0 (current=-2.0). P_mean sweep around current -2.0,"{""P_mean"": ""-3.0""}"
2026-03-17 15:25:58,2,s2_P_mean_-4.0,done,0.3135,Sweep P_mean=-4.0 (current=-2.0). P_mean sweep around current -2.0,"{""P_mean"": ""-4.0""}"
2026-03-17 15:26:13,3,r3_P_mean_-2.00,done,0.2228,Refine P_mean=-2.00 around best=-1.5,"{""P_mean"": ""-2.00""}"
2026-03-17 15:26:27,3,r3_P_mean_-1.75,done,0.2097,Refine P_mean=-1.75 around best=-1.5,"{""P_mean"": ""-1.75""}"
2026-03-17 15:26:41,3,r3_P_mean_-1.25,done,0.2128,Refine P_mean=-1.25 around best=-1.5,"{""P_mean"": ""-1.25""}"
2026-03-17 15:26:55,3,r3_P_mean_-1.00,done,0.2230,Refine P_mean=-1.00 around best=-1.5,"{""P_mean"": ""-1.00""}"
2026-03-17 15:27:09,3,r3_P_mean_-0.7500,done,0.2374,Refine P_mean=-0.7500 around best=-1.5,"{""P_mean"": ""-0.7500""}"
2026-03-17 15:27:24,4,s4_P_std_0.05,done,0.2100,Sweep P_std=0.05 (current=0.1). P_std sweep around current 0.1,"{""P_std"": ""0.05""}"
2026-03-17 15:27:38,4,s4_P_std_0.08,done,0.2100,Sweep P_std=0.08 (current=0.1). P_std sweep around current 0.1,"{""P_std"": ""0.08""}"
2026-03-17 15:27:52,4,s4_P_std_0.15,done,0.2121,Sweep P_std=0.15 (current=0.1). P_std sweep around current 0.1,"{""P_std"": ""0.15""}"
2026-03-17 15:28:06,4,s4_P_std_0.2,done,0.2142,Sweep P_std=0.2 (current=0.1). P_std sweep around current 0.1,"{""P_std"": ""0.2""}"
2026-03-17 15:28:20,4,s4_P_std_0.3,done,0.2133,Sweep P_std=0.3 (current=0.1). P_std sweep around current 0.1,"{""P_std"": ""0.3""}"
2026-03-17 15:28:34,5,s5_batch_size_32,done,0.2181,Sweep batch_size=32 (current=64). Batch size sweep,"{""batch_size"": ""32""}"
2026-03-17 15:28:48,5,s5_batch_size_48,done,0.2138,Sweep batch_size=48 (current=64). Batch size sweep,"{""batch_size"": ""48""}"
2026-03-17 15:29:02,5,s5_batch_size_96,done,0.2551,Sweep batch_size=96 (current=64). Batch size sweep,"{""batch_size"": ""96""}"
2026-03-17 15:29:16,5,s5_batch_size_128,done,0.3476,Sweep batch_size=128 (current=64). Batch size sweep,"{""batch_size"": ""128""}"
2026-03-17 15:29:31,5,s5_batch_size_256,done,1.8672,Sweep batch_size=256 (current=64). Batch size sweep,"{""batch_size"": ""256""}"
2026-03-17 15:29:46,6,s6_in_context_len_4,done,0.2094,Sweep in_context_len=4 (current=16). In-context token count sweep,"{""in_context_len"": ""4""}"
2026-03-17 15:29:59,6,s6_in_context_len_8,done,0.2122,Sweep in_context_len=8 (current=16). In-context token count sweep,"{""in_context_len"": ""8""}"
2026-03-17 15:30:13,6,s6_in_context_len_24,done,0.2095,Sweep in_context_len=24 (current=16). In-context token count sweep,"{""in_context_len"": ""24""}"
2026-03-17 15:30:27,6,s6_in_context_len_32,done,0.2206,Sweep in_context_len=32 (current=16). In-context token count sweep,"{""in_context_len"": ""32""}"
2026-03-17 15:30:41,6,s6_in_context_len_48,done,0.2116,Sweep in_context_len=48 (current=16). In-context token count sweep,"{""in_context_len"": ""48""}"
2026-03-17 15:30:56,7,s7_in_context_start_2,done,0.2120,Sweep in_context_start=2 (current=10). In-context injection layer sweep,"{""in_context_start"": ""2""}"
2026-03-17 15:31:10,7,s7_in_context_start_4,done,0.2203,Sweep in_context_start=4 (current=10). In-context injection layer sweep,"{""in_context_start"": ""4""}"
2026-03-17 15:31:23,7,s7_in_context_start_6,done,0.2100,Sweep in_context_start=6 (current=10). In-context injection layer sweep,"{""in_context_start"": ""6""}"
2026-03-17 15:31:37,7,s7_in_context_start_8,done,0.2111,Sweep in_context_start=8 (current=10). In-context injection layer sweep,"{""in_context_start"": ""8""}"
2026-03-17 15:31:51,7,s7_in_context_start_11,done,0.2106,Sweep in_context_start=11 (current=10). In-context injection layer sweep,"{""in_context_start"": ""11""}"
2026-03-17 15:32:06,8,s8_mlp_ratio_0.5,done,0.2104,Sweep mlp_ratio=0.5 (current=1.0). MLP expansion ratio sweep,"{""mlp_ratio"": ""0.5""}"
2026-03-17 15:32:20,8,s8_mlp_ratio_0.75,done,0.2124,Sweep mlp_ratio=0.75 (current=1.0). MLP expansion ratio sweep,"{""mlp_ratio"": ""0.75""}"
2026-03-17 15:32:33,8,s8_mlp_ratio_1.5,done,0.2098,Sweep mlp_ratio=1.5 (current=1.0). MLP expansion ratio sweep,"{""mlp_ratio"": ""1.5""}"
2026-03-17 15:32:47,8,s8_mlp_ratio_2.0,done,0.2195,Sweep mlp_ratio=2.0 (current=1.0). MLP expansion ratio sweep,"{""mlp_ratio"": ""2.0""}"
2026-03-17 15:33:02,8,s8_mlp_ratio_3.0,done,0.2213,Sweep mlp_ratio=3.0 (current=1.0). MLP expansion ratio sweep,"{""mlp_ratio"": ""3.0""}"
2026-03-17 15:33:17,9,s9_grad_clip_0.5,done,0.2104,Sweep grad_clip=0.5 (current=0.0). Gradient clipping sweep,"{""grad_clip"": ""0.5""}"
2026-03-17 15:33:30,9,s9_grad_clip_1.0,done,0.2104,Sweep grad_clip=1.0 (current=0.0). Gradient clipping sweep,"{""grad_clip"": ""1.0""}"
2026-03-17 15:33:44,9,s9_grad_clip_2.0,done,0.2104,Sweep grad_clip=2.0 (current=0.0). Gradient clipping sweep,"{""grad_clip"": ""2.0""}"
2026-03-17 15:33:58,9,s9_grad_clip_5.0,done,0.2104,Sweep grad_clip=5.0 (current=0.0). Gradient clipping sweep,"{""grad_clip"": ""5.0""}"
2026-03-17 15:34:12,9,s9_grad_clip_10.0,done,0.2104,Sweep grad_clip=10.0 (current=0.0). Gradient clipping sweep,"{""grad_clip"": ""10.0""}"
2026-03-17 15:34:27,10,s10_label_drop_prob_0.0,done,0.2104,Sweep label_drop_prob=0.0 (current=0.1). Label dropout sweep,"{""label_drop_prob"": ""0.0""}"
2026-03-17 15:34:41,10,s10_label_drop_prob_0.05,done,0.2104,Sweep label_drop_prob=0.05 (current=0.1). Label dropout sweep,"{""label_drop_prob"": ""0.05""}"
2026-03-17 15:34:55,10,s10_label_drop_prob_0.15,done,0.2033,Sweep label_drop_prob=0.15 (current=0.1). Label dropout sweep,"{""label_drop_prob"": ""0.15""}"
2026-03-17 15:35:09,10,s10_label_drop_prob_0.2,done,0.2105,Sweep label_drop_prob=0.2 (current=0.1). Label dropout sweep,"{""label_drop_prob"": ""0.2""}"
2026-03-17 15:35:22,10,s10_label_drop_prob_0.3,done,0.2105,Sweep label_drop_prob=0.3 (current=0.1). Label dropout sweep,"{""label_drop_prob"": ""0.3""}"
2026-03-17 15:35:37,11,r11_label_drop_prob_0.1000,done,0.2104,Refine label_drop_prob=0.1000 around best=0.15,"{""label_drop_prob"": ""0.1000""}"
2026-03-17 15:35:51,11,r11_label_drop_prob_0.1250,done,0.2104,Refine label_drop_prob=0.1250 around best=0.15,"{""label_drop_prob"": ""0.1250""}"
2026-03-17 15:36:05,11,r11_label_drop_prob_0.1750,done,0.2105,Refine label_drop_prob=0.1750 around best=0.15,"{""label_drop_prob"": ""0.1750""}"
2026-03-17 15:36:19,11,r11_label_drop_prob_0.2000,done,0.2105,Refine label_drop_prob=0.2000 around best=0.15,"{""label_drop_prob"": ""0.2000""}"
2026-03-17 15:36:32,11,r11_label_drop_prob_0.2250,done,0.2106,Refine label_drop_prob=0.2250 around best=0.15,"{""label_drop_prob"": ""0.2250""}"
2026-03-17 15:36:47,12,s12_bottleneck_dim_256,done,0.2265,Sweep bottleneck_dim=256 (current=768). Patch embed bottleneck width sweep,"{""bottleneck_dim"": ""256""}"
2026-03-17 15:37:01,12,s12_bottleneck_dim_384,done,0.2182,Sweep bottleneck_dim=384 (current=768). Patch embed bottleneck width sweep,"{""bottleneck_dim"": ""384""}"
2026-03-17 15:37:15,12,s12_bottleneck_dim_512,done,0.2135,Sweep bottleneck_dim=512 (current=768). Patch embed bottleneck width sweep,"{""bottleneck_dim"": ""512""}"
2026-03-17 15:37:29,12,s12_bottleneck_dim_1024,done,0.2106,Sweep bottleneck_dim=1024 (current=768). Patch embed bottleneck width sweep,"{""bottleneck_dim"": ""1024""}"
2026-03-17 15:37:43,12,s12_bottleneck_dim_1536,done,0.2089,Sweep bottleneck_dim=1536 (current=768). Patch embed bottleneck width sweep,"{""bottleneck_dim"": ""1536""}"
2026-03-17 15:37:57,13,s13_blr_2e-3,done,0.2231,Sweep blr=2e-3 (current=3e-3). LR sweep around current best 3e-3,"{""blr"": ""2e-3""}"
2026-03-17 15:38:11,13,s13_blr_4e-3,done,0.2161,Sweep blr=4e-3 (current=3e-3). LR sweep around current best 3e-3,"{""blr"": ""4e-3""}"
2026-03-17 15:38:25,13,s13_blr_5e-3,done,0.2390,Sweep blr=5e-3 (current=3e-3). LR sweep around current best 3e-3,"{""blr"": ""5e-3""}"
2026-03-17 15:38:39,13,s13_blr_6e-3,done,0.2731,Sweep blr=6e-3 (current=3e-3). LR sweep around current best 3e-3,"{""blr"": ""6e-3""}"
2026-03-17 15:38:53,13,s13_blr_8e-3,done,0.4212,Sweep blr=8e-3 (current=3e-3). LR sweep around current best 3e-3,"{""blr"": ""8e-3""}"
2026-03-17 15:39:08,14,s14_P_mean_-1.0,done,0.2231,Sweep P_mean=-1.0 (current=-1.5). P_mean sweep around current -2.0,"{""P_mean"": ""-1.0""}"
2026-03-17 15:39:21,14,s14_P_mean_-1.5,done,0.2107,Sweep P_mean=-1.5 (current=-1.5). P_mean sweep around current -2.0,"{""P_mean"": ""-1.5""}"
2026-03-17 15:39:35,14,s14_P_mean_-2.5,done,0.2417,Sweep P_mean=-2.5 (current=-1.5). P_mean sweep around current -2.0,"{""P_mean"": ""-2.5""}"
2026-03-17 15:39:49,14,s14_P_mean_-3.0,done,0.2730,Sweep P_mean=-3.0 (current=-1.5). P_mean sweep around current -2.0,"{""P_mean"": ""-3.0""}"
2026-03-17 15:40:03,14,s14_P_mean_-4.0,done,0.3122,Sweep P_mean=-4.0 (current=-1.5). P_mean sweep around current -2.0,"{""P_mean"": ""-4.0""}"
2026-03-17 15:40:18,15,s15_P_std_0.05,done,0.2096,Sweep P_std=0.05 (current=0.1). P_std sweep around current 0.1,"{""P_std"": ""0.05""}"
2026-03-17 15:40:32,15,s15_P_std_0.08,done,0.2027,Sweep P_std=0.08 (current=0.1). P_std sweep around current 0.1,"{""P_std"": ""0.08""}"
2026-03-17 15:40:46,15,s15_P_std_0.15,done,0.2123,Sweep P_std=0.15 (current=0.1). P_std sweep around current 0.1,"{""P_std"": ""0.15""}"
2026-03-17 15:41:00,15,s15_P_std_0.2,done,0.2144,Sweep P_std=0.2 (current=0.1). P_std sweep around current 0.1,"{""P_std"": ""0.2""}"
2026-03-17 15:41:13,15,s15_P_std_0.3,done,0.2133,Sweep P_std=0.3 (current=0.1). P_std sweep around current 0.1,"{""P_std"": ""0.3""}"
2026-03-17 15:41:28,16,s16_batch_size_32,done,0.2250,Sweep batch_size=32 (current=64). Batch size sweep,"{""batch_size"": ""32""}"
2026-03-17 15:41:42,16,s16_batch_size_48,done,0.2138,Sweep batch_size=48 (current=64). Batch size sweep,"{""batch_size"": ""48""}"
2026-03-17 15:41:56,16,s16_batch_size_96,done,0.2560,Sweep batch_size=96 (current=64). Batch size sweep,"{""batch_size"": ""96""}"
2026-03-17 15:42:10,16,s16_batch_size_128,done,0.3475,Sweep batch_size=128 (current=64). Batch size sweep,"{""batch_size"": ""128""}"
2026-03-17 15:42:24,16,s16_batch_size_256,done,1.8795,Sweep batch_size=256 (current=64). Batch size sweep,"{""batch_size"": ""256""}"
2026-03-17 15:42:39,17,s17_in_context_len_4,done,0.2098,Sweep in_context_len=4 (current=16). In-context token count sweep,"{""in_context_len"": ""4""}"
2026-03-17 15:42:53,17,s17_in_context_len_8,done,0.2044,Sweep in_context_len=8 (current=16). In-context token count sweep,"{""in_context_len"": ""8""}"
2026-03-17 15:43:07,17,s17_in_context_len_24,done,0.2097,Sweep in_context_len=24 (current=16). In-context token count sweep,"{""in_context_len"": ""24""}"
2026-03-17 15:43:20,17,s17_in_context_len_32,done,0.2107,Sweep in_context_len=32 (current=16). In-context token count sweep,"{""in_context_len"": ""32""}"
2026-03-17 15:43:34,17,s17_in_context_len_48,done,0.2117,Sweep in_context_len=48 (current=16). In-context token count sweep,"{""in_context_len"": ""48""}"
2026-03-17 15:43:49,18,s18_in_context_start_2,done,0.2211,Sweep in_context_start=2 (current=10). In-context injection layer sweep,"{""in_context_start"": ""2""}"
2026-03-17 15:44:03,18,s18_in_context_start_4,done,0.2120,Sweep in_context_start=4 (current=10). In-context injection layer sweep,"{""in_context_start"": ""4""}"
2026-03-17 15:44:17,18,s18_in_context_start_6,done,0.2097,Sweep in_context_start=6 (current=10). In-context injection layer sweep,"{""in_context_start"": ""6""}"
2026-03-17 15:44:31,18,s18_in_context_start_8,done,0.2111,Sweep in_context_start=8 (current=10). In-context injection layer sweep,"{""in_context_start"": ""8""}"
2026-03-17 15:44:45,18,s18_in_context_start_11,done,0.2107,Sweep in_context_start=11 (current=10). In-context injection layer sweep,"{""in_context_start"": ""11""}"
2026-03-17 15:45:00,19,s19_mlp_ratio_0.5,done,0.2102,Sweep mlp_ratio=0.5 (current=1.0). MLP expansion ratio sweep,"{""mlp_ratio"": ""0.5""}"
2026-03-17 15:45:14,19,s19_mlp_ratio_0.75,done,0.2049,Sweep mlp_ratio=0.75 (current=1.0). MLP expansion ratio sweep,"{""mlp_ratio"": ""0.75""}"
2026-03-17 15:45:27,19,s19_mlp_ratio_1.5,done,0.2091,Sweep mlp_ratio=1.5 (current=1.0). MLP expansion ratio sweep,"{""mlp_ratio"": ""1.5""}"
2026-03-17 15:45:41,19,s19_mlp_ratio_2.0,done,0.2096,Sweep mlp_ratio=2.0 (current=1.0). MLP expansion ratio sweep,"{""mlp_ratio"": ""2.0""}"
2026-03-17 15:45:55,19,s19_mlp_ratio_3.0,done,0.2212,Sweep mlp_ratio=3.0 (current=1.0). MLP expansion ratio sweep,"{""mlp_ratio"": ""3.0""}"
2026-03-17 15:45:59,20,s20_grad_clip_0.5,failed,FAILED,Sweep grad_clip=0.5 (current=0.0). Gradient clipping sweep,"{""grad_clip"": ""0.5""}"
2026-03-17 15:46:13,20,s20_grad_clip_1.0,done,0.2107,Sweep grad_clip=1.0 (current=0.0). Gradient clipping sweep,"{""grad_clip"": ""1.0""}"
2026-03-17 15:46:27,20,s20_grad_clip_2.0,done,0.2107,Sweep grad_clip=2.0 (current=0.0). Gradient clipping sweep,"{""grad_clip"": ""2.0""}"
2026-03-17 15:46:40,20,s20_grad_clip_5.0,done,0.2107,Sweep grad_clip=5.0 (current=0.0). Gradient clipping sweep,"{""grad_clip"": ""5.0""}"
2026-03-17 15:46:54,20,s20_grad_clip_10.0,done,0.2107,Sweep grad_clip=10.0 (current=0.0). Gradient clipping sweep,"{""grad_clip"": ""10.0""}"
2026-03-17 15:47:10,21,s21_label_drop_prob_0.0,done,0.2104,Sweep label_drop_prob=0.0 (current=0.15). Label dropout sweep,"{""label_drop_prob"": ""0.0""}"
2026-03-17 15:47:23,21,s21_label_drop_prob_0.05,done,0.2033,Sweep label_drop_prob=0.05 (current=0.15). Label dropout sweep,"{""label_drop_prob"": ""0.05""}"
2026-03-17 15:47:37,21,s21_label_drop_prob_0.15,done,0.2107,Sweep label_drop_prob=0.15 (current=0.15). Label dropout sweep,"{""label_drop_prob"": ""0.15""}"
2026-03-17 15:47:51,21,s21_label_drop_prob_0.2,done,0.2105,Sweep label_drop_prob=0.2 (current=0.15). Label dropout sweep,"{""label_drop_prob"": ""0.2""}"
2026-03-17 15:48:05,21,s21_label_drop_prob_0.3,done,0.2029,Sweep label_drop_prob=0.3 (current=0.15). Label dropout sweep,"{""label_drop_prob"": ""0.3""}"
2026-03-17 15:48:20,22,s22_bottleneck_dim_256,done,0.2183,Sweep bottleneck_dim=256 (current=768). Patch embed bottleneck width sweep,"{""bottleneck_dim"": ""256""}"
2026-03-17 15:48:34,22,s22_bottleneck_dim_384,done,0.2182,Sweep bottleneck_dim=384 (current=768). Patch embed bottleneck width sweep,"{""bottleneck_dim"": ""384""}"
2026-03-17 15:48:48,22,s22_bottleneck_dim_512,done,0.2055,Sweep bottleneck_dim=512 (current=768). Patch embed bottleneck width sweep,"{""bottleneck_dim"": ""512""}"
2026-03-17 15:49:01,22,s22_bottleneck_dim_1024,done,0.2106,Sweep bottleneck_dim=1024 (current=768). Patch embed bottleneck width sweep,"{""bottleneck_dim"": ""1024""}"
2026-03-17 15:49:15,22,s22_bottleneck_dim_1536,done,0.2182,Sweep bottleneck_dim=1536 (current=768). Patch embed bottleneck width sweep,"{""bottleneck_dim"": ""1536""}"
2026-03-17 15:49:30,23,s23_blr_2e-3,done,0.2231,Sweep blr=2e-3 (current=3e-3). LR sweep around current best 3e-3,"{""blr"": ""2e-3""}"
2026-03-17 15:49:44,23,s23_blr_4e-3,done,0.2161,Sweep blr=4e-3 (current=3e-3). LR sweep around current best 3e-3,"{""blr"": ""4e-3""}"
2026-03-17 15:49:58,23,s23_blr_5e-3,done,0.2390,Sweep blr=5e-3 (current=3e-3). LR sweep around current best 3e-3,"{""blr"": ""5e-3""}"
2026-03-17 15:50:12,23,s23_blr_6e-3,done,0.2731,Sweep blr=6e-3 (current=3e-3). LR sweep around current best 3e-3,"{""blr"": ""6e-3""}"
2026-03-17 15:50:26,23,s23_blr_8e-3,done,0.4212,Sweep blr=8e-3 (current=3e-3). LR sweep around current best 3e-3,"{""blr"": ""8e-3""}"
2026-03-17 15:50:41,24,s24_P_mean_-1.0,done,0.2231,Sweep P_mean=-1.0 (current=-1.5). P_mean sweep around current -2.0,"{""P_mean"": ""-1.0""}"
2026-03-17 15:50:55,24,s24_P_mean_-1.5,done,0.2107,Sweep P_mean=-1.5 (current=-1.5). P_mean sweep around current -2.0,"{""P_mean"": ""-1.5""}"
2026-03-17 15:51:10,24,s24_P_mean_-2.5,done,0.2417,Sweep P_mean=-2.5 (current=-1.5). P_mean sweep around current -2.0,"{""P_mean"": ""-2.5""}"
2026-03-17 15:51:24,24,s24_P_mean_-3.0,done,0.2801,Sweep P_mean=-3.0 (current=-1.5). P_mean sweep around current -2.0,"{""P_mean"": ""-3.0""}"
2026-03-17 15:51:38,24,s24_P_mean_-4.0,done,0.3122,Sweep P_mean=-4.0 (current=-1.5). P_mean sweep around current -2.0,"{""P_mean"": ""-4.0""}"
2026-03-17 15:51:52,25,s25_P_std_0.05,done,0.2021,Sweep P_std=0.05 (current=0.1). P_std sweep around current 0.1,"{""P_std"": ""0.05""}"
2026-03-17 15:52:06,25,s25_P_std_0.08,done,0.2101,Sweep P_std=0.08 (current=0.1). P_std sweep around current 0.1,"{""P_std"": ""0.08""}"
2026-03-17 15:52:20,25,s25_P_std_0.15,done,0.2123,Sweep P_std=0.15 (current=0.1). P_std sweep around current 0.1,"{""P_std"": ""0.15""}"
2026-03-17 15:52:34,25,s25_P_std_0.2,done,0.2144,Sweep P_std=0.2 (current=0.1). P_std sweep around current 0.1,"{""P_std"": ""0.2""}"
2026-03-17 15:52:47,25,s25_P_std_0.3,done,0.2206,Sweep P_std=0.3 (current=0.1). P_std sweep around current 0.1,"{""P_std"": ""0.3""}"
2026-03-17 15:53:02,26,s26_batch_size_32,done,0.2182,Sweep batch_size=32 (current=64). Batch size sweep,"{""batch_size"": ""32""}"
2026-03-17 15:53:16,26,s26_batch_size_48,done,0.2138,Sweep batch_size=48 (current=64). Batch size sweep,"{""batch_size"": ""48""}"
2026-03-17 15:53:30,26,s26_batch_size_96,done,0.2560,Sweep batch_size=96 (current=64). Batch size sweep,"{""batch_size"": ""96""}"
2026-03-17 15:53:44,26,s26_batch_size_128,done,0.3475,Sweep batch_size=128 (current=64). Batch size sweep,"{""batch_size"": ""128""}"
2026-03-17 15:53:59,26,s26_batch_size_256,done,1.8795,Sweep batch_size=256 (current=64). Batch size sweep,"{""batch_size"": ""256""}"
2026-03-17 15:54:14,27,s27_in_context_len_4,done,0.2024,Sweep in_context_len=4 (current=16). In-context token count sweep,"{""in_context_len"": ""4""}"
2026-03-17 15:54:28,27,s27_in_context_len_8,done,0.2121,Sweep in_context_len=8 (current=16). In-context token count sweep,"{""in_context_len"": ""8""}"
2026-03-17 15:54:42,27,s27_in_context_len_24,done,0.2097,Sweep in_context_len=24 (current=16). In-context token count sweep,"{""in_context_len"": ""24""}"
2026-03-17 15:54:56,27,s27_in_context_len_32,done,0.2107,Sweep in_context_len=32 (current=16). In-context token count sweep,"{""in_context_len"": ""32""}"
2026-03-17 15:55:09,27,s27_in_context_len_48,done,0.2117,Sweep in_context_len=48 (current=16). In-context token count sweep,"{""in_context_len"": ""48""}"
2026-03-17 15:55:24,28,s28_in_context_start_2,done,0.2211,Sweep in_context_start=2 (current=10). In-context injection layer sweep,"{""in_context_start"": ""2""}"
2026-03-17 15:55:38,28,s28_in_context_start_4,done,0.2120,Sweep in_context_start=4 (current=10). In-context injection layer sweep,"{""in_context_start"": ""4""}"
2026-03-17 15:55:52,28,s28_in_context_start_6,done,0.2097,Sweep in_context_start=6 (current=10). In-context injection layer sweep,"{""in_context_start"": ""6""}"
2026-03-17 15:56:06,28,s28_in_context_start_8,done,0.2111,Sweep in_context_start=8 (current=10). In-context injection layer sweep,"{""in_context_start"": ""8""}"
2026-03-17 15:56:20,28,s28_in_context_start_11,done,0.2107,Sweep in_context_start=11 (current=10). In-context injection layer sweep,"{""in_context_start"": ""11""}"
2026-03-17 15:56:35,29,s29_mlp_ratio_0.5,done,0.2102,Sweep mlp_ratio=0.5 (current=1.0). MLP expansion ratio sweep,"{""mlp_ratio"": ""0.5""}"
2026-03-17 15:56:49,29,s29_mlp_ratio_0.75,done,0.2049,Sweep mlp_ratio=0.75 (current=1.0). MLP expansion ratio sweep,"{""mlp_ratio"": ""0.75""}"
2026-03-17 15:57:02,29,s29_mlp_ratio_1.5,done,0.2091,Sweep mlp_ratio=1.5 (current=1.0). MLP expansion ratio sweep,"{""mlp_ratio"": ""1.5""}"
2026-03-17 15:57:16,29,s29_mlp_ratio_2.0,done,0.2096,Sweep mlp_ratio=2.0 (current=1.0). MLP expansion ratio sweep,"{""mlp_ratio"": ""2.0""}"
2026-03-17 15:57:31,29,s29_mlp_ratio_3.0,done,0.2212,Sweep mlp_ratio=3.0 (current=1.0). MLP expansion ratio sweep,"{""mlp_ratio"": ""3.0""}"
2026-03-17 15:57:46,30,s30_grad_clip_0.5,done,0.2107,Sweep grad_clip=0.5 (current=0.0). Gradient clipping sweep,"{""grad_clip"": ""0.5""}"
2026-03-17 15:58:00,30,s30_grad_clip_1.0,done,0.2107,Sweep grad_clip=1.0 (current=0.0). Gradient clipping sweep,"{""grad_clip"": ""1.0""}"
2026-03-17 15:58:14,30,s30_grad_clip_2.0,done,0.2107,Sweep grad_clip=2.0 (current=0.0). Gradient clipping sweep,"{""grad_clip"": ""2.0""}"
2026-03-17 15:58:27,30,s30_grad_clip_5.0,done,0.2107,Sweep grad_clip=5.0 (current=0.0). Gradient clipping sweep,"{""grad_clip"": ""5.0""}"
2026-03-17 15:58:41,30,s30_grad_clip_10.0,done,0.2107,Sweep grad_clip=10.0 (current=0.0). Gradient clipping sweep,"{""grad_clip"": ""10.0""}"
2026-03-17 15:58:56,31,s31_label_drop_prob_0.0,done,0.2104,Sweep label_drop_prob=0.0 (current=0.15). Label dropout sweep,"{""label_drop_prob"": ""0.0""}"
2026-03-17 15:59:10,31,s31_label_drop_prob_0.05,done,0.2104,Sweep label_drop_prob=0.05 (current=0.15). Label dropout sweep,"{""label_drop_prob"": ""0.05""}"
2026-03-17 15:59:24,31,s31_label_drop_prob_0.15,done,0.2107,Sweep label_drop_prob=0.15 (current=0.15). Label dropout sweep,"{""label_drop_prob"": ""0.15""}"
2026-03-17 15:59:37,31,s31_label_drop_prob_0.2,done,0.2105,Sweep label_drop_prob=0.2 (current=0.15). Label dropout sweep,"{""label_drop_prob"": ""0.2""}"
2026-03-17 15:59:51,31,s31_label_drop_prob_0.3,done,0.2105,Sweep label_drop_prob=0.3 (current=0.15). Label dropout sweep,"{""label_drop_prob"": ""0.3""}"
2026-03-17 16:00:06,32,s32_bottleneck_dim_256,done,0.2265,Sweep bottleneck_dim=256 (current=768). Patch embed bottleneck width sweep,"{""bottleneck_dim"": ""256""}"
2026-03-17 16:00:20,32,s32_bottleneck_dim_384,done,0.2182,Sweep bottleneck_dim=384 (current=768). Patch embed bottleneck width sweep,"{""bottleneck_dim"": ""384""}"
2026-03-17 16:00:34,32,s32_bottleneck_dim_512,done,0.2135,Sweep bottleneck_dim=512 (current=768). Patch embed bottleneck width sweep,"{""bottleneck_dim"": ""512""}"
2026-03-17 16:00:48,32,s32_bottleneck_dim_1024,done,0.2106,Sweep bottleneck_dim=1024 (current=768). Patch embed bottleneck width sweep,"{""bottleneck_dim"": ""1024""}"
2026-03-17 16:01:02,32,s32_bottleneck_dim_1536,done,0.2089,Sweep bottleneck_dim=1536 (current=768). Patch embed bottleneck width sweep,"{""bottleneck_dim"": ""1536""}"
2026-03-17 16:01:17,33,s33_blr_2e-3,done,0.2231,Sweep blr=2e-3 (current=3e-3). LR sweep around current best 3e-3,"{""blr"": ""2e-3""}"
2026-03-17 16:01:30,33,s33_blr_4e-3,done,0.2161,Sweep blr=4e-3 (current=3e-3). LR sweep around current best 3e-3,"{""blr"": ""4e-3""}"
2026-03-17 16:01:44,33,s33_blr_5e-3,done,0.2390,Sweep blr=5e-3 (current=3e-3). LR sweep around current best 3e-3,"{""blr"": ""5e-3""}"
2026-03-17 16:01:58,33,s33_blr_6e-3,done,0.2731,Sweep blr=6e-3 (current=3e-3). LR sweep around current best 3e-3,"{""blr"": ""6e-3""}"
2026-03-17 16:02:12,33,s33_blr_8e-3,done,0.4212,Sweep blr=8e-3 (current=3e-3). LR sweep around current best 3e-3,"{""blr"": ""8e-3""}"
2026-03-17 16:02:27,34,s34_P_mean_-1.0,done,0.2231,Sweep P_mean=-1.0 (current=-1.5). P_mean sweep around current -2.0,"{""P_mean"": ""-1.0""}"
2026-03-17 16:02:41,34,s34_P_mean_-1.5,done,0.2107,Sweep P_mean=-1.5 (current=-1.5). P_mean sweep around current -2.0,"{""P_mean"": ""-1.5""}"
2026-03-17 16:02:55,34,s34_P_mean_-2.5,done,0.2417,Sweep P_mean=-2.5 (current=-1.5). P_mean sweep around current -2.0,"{""P_mean"": ""-2.5""}"
2026-03-17 16:03:09,34,s34_P_mean_-3.0,done,0.2801,Sweep P_mean=-3.0 (current=-1.5). P_mean sweep around current -2.0,"{""P_mean"": ""-3.0""}"
2026-03-17 16:03:23,34,s34_P_mean_-4.0,done,0.3122,Sweep P_mean=-4.0 (current=-1.5). P_mean sweep around current -2.0,"{""P_mean"": ""-4.0""}"
2026-03-17 16:03:38,35,s35_P_std_0.05,done,0.2096,Sweep P_std=0.05 (current=0.1). P_std sweep around current 0.1,"{""P_std"": ""0.05""}"
2026-03-17 16:03:51,35,s35_P_std_0.08,done,0.2101,Sweep P_std=0.08 (current=0.1). P_std sweep around current 0.1,"{""P_std"": ""0.08""}"
2026-03-17 16:04:05,35,s35_P_std_0.15,done,0.2049,Sweep P_std=0.15 (current=0.1). P_std sweep around current 0.1,"{""P_std"": ""0.15""}"
2026-03-17 16:04:19,35,s35_P_std_0.2,done,0.2144,Sweep P_std=0.2 (current=0.1). P_std sweep around current 0.1,"{""P_std"": ""0.2""}"
2026-03-17 16:04:33,35,s35_P_std_0.3,done,0.2206,Sweep P_std=0.3 (current=0.1). P_std sweep around current 0.1,"{""P_std"": ""0.3""}"
2026-03-17 16:04:48,36,s36_batch_size_32,done,0.2182,Sweep batch_size=32 (current=64). Batch size sweep,"{""batch_size"": ""32""}"
2026-03-17 16:05:02,36,s36_batch_size_48,done,0.2138,Sweep batch_size=48 (current=64). Batch size sweep,"{""batch_size"": ""48""}"
2026-03-17 16:05:04,36,s36_batch_size_96,failed,FAILED,Sweep batch_size=96 (current=64). Batch size sweep,"{""batch_size"": ""96""}"
2026-03-17 16:05:18,36,s36_batch_size_128,done,0.3475,Sweep batch_size=128 (current=64). Batch size sweep,"{""batch_size"": ""128""}"
2026-03-17 16:05:32,36,s36_batch_size_256,done,1.8795,Sweep batch_size=256 (current=64). Batch size sweep,"{""batch_size"": ""256""}"
2026-03-17 16:05:47,37,s37_in_context_len_4,done,0.2098,Sweep in_context_len=4 (current=16). In-context token count sweep,"{""in_context_len"": ""4""}"
2026-03-17 16:06:01,37,s37_in_context_len_8,done,0.2121,Sweep in_context_len=8 (current=16). In-context token count sweep,"{""in_context_len"": ""8""}"
2026-03-17 16:06:15,37,s37_in_context_len_24,done,0.2097,Sweep in_context_len=24 (current=16). In-context token count sweep,"{""in_context_len"": ""24""}"
2026-03-17 16:06:29,37,s37_in_context_len_32,done,0.2107,Sweep in_context_len=32 (current=16). In-context token count sweep,"{""in_context_len"": ""32""}"
2026-03-17 16:06:42,37,s37_in_context_len_48,done,0.2117,Sweep in_context_len=48 (current=16). In-context token count sweep,"{""in_context_len"": ""48""}"
2026-03-17 16:06:57,38,s38_in_context_start_2,done,0.2122,Sweep in_context_start=2 (current=10). In-context injection layer sweep,"{""in_context_start"": ""2""}"
2026-03-17 16:07:11,38,s38_in_context_start_4,done,0.2209,Sweep in_context_start=4 (current=10). In-context injection layer sweep,"{""in_context_start"": ""4""}"
2026-03-17 16:07:25,38,s38_in_context_start_6,done,0.2097,Sweep in_context_start=6 (current=10). In-context injection layer sweep,"{""in_context_start"": ""6""}"
2026-03-17 16:07:39,38,s38_in_context_start_8,done,0.2111,Sweep in_context_start=8 (current=10). In-context injection layer sweep,"{""in_context_start"": ""8""}"
2026-03-17 16:07:52,38,s38_in_context_start_11,done,0.2107,Sweep in_context_start=11 (current=10). In-context injection layer sweep,"{""in_context_start"": ""11""}"
2026-03-17 16:08:07,39,s39_mlp_ratio_0.5,done,0.2027,Sweep mlp_ratio=0.5 (current=1.0). MLP expansion ratio sweep,"{""mlp_ratio"": ""0.5""}"
2026-03-17 16:08:21,39,s39_mlp_ratio_0.75,done,0.2049,Sweep mlp_ratio=0.75 (current=1.0). MLP expansion ratio sweep,"{""mlp_ratio"": ""0.75""}"
2026-03-17 16:08:35,39,s39_mlp_ratio_1.5,done,0.2091,Sweep mlp_ratio=1.5 (current=1.0). MLP expansion ratio sweep,"{""mlp_ratio"": ""1.5""}"
2026-03-17 16:08:49,39,s39_mlp_ratio_2.0,done,0.2194,Sweep mlp_ratio=2.0 (current=1.0). MLP expansion ratio sweep,"{""mlp_ratio"": ""2.0""}"
2026-03-17 16:09:04,39,s39_mlp_ratio_3.0,done,0.2212,Sweep mlp_ratio=3.0 (current=1.0). MLP expansion ratio sweep,"{""mlp_ratio"": ""3.0""}"
2026-03-17 16:09:19,40,s40_grad_clip_0.5,done,0.2107,Sweep grad_clip=0.5 (current=0.0). Gradient clipping sweep,"{""grad_clip"": ""0.5""}"
2026-03-17 16:09:32,40,s40_grad_clip_1.0,done,0.2107,Sweep grad_clip=1.0 (current=0.0). Gradient clipping sweep,"{""grad_clip"": ""1.0""}"
2026-03-17 16:09:47,40,s40_grad_clip_2.0,done,0.2107,Sweep grad_clip=2.0 (current=0.0). Gradient clipping sweep,"{""grad_clip"": ""2.0""}"
2026-03-17 16:10:01,40,s40_grad_clip_5.0,done,0.2107,Sweep grad_clip=5.0 (current=0.0). Gradient clipping sweep,"{""grad_clip"": ""5.0""}"
2026-03-17 16:10:15,40,s40_grad_clip_10.0,done,0.2107,Sweep grad_clip=10.0 (current=0.0). Gradient clipping sweep,"{""grad_clip"": ""10.0""}"
2026-03-17 16:10:29,41,s41_label_drop_prob_0.0,done,0.2104,Sweep label_drop_prob=0.0 (current=0.15). Label dropout sweep,"{""label_drop_prob"": ""0.0""}"
2026-03-17 16:10:43,41,s41_label_drop_prob_0.05,done,0.2104,Sweep label_drop_prob=0.05 (current=0.15). Label dropout sweep,"{""label_drop_prob"": ""0.05""}"
2026-03-17 16:10:57,41,s41_label_drop_prob_0.15,done,0.2107,Sweep label_drop_prob=0.15 (current=0.15). Label dropout sweep,"{""label_drop_prob"": ""0.15""}"
2026-03-17 16:11:11,41,s41_label_drop_prob_0.2,done,0.2029,Sweep label_drop_prob=0.2 (current=0.15). Label dropout sweep,"{""label_drop_prob"": ""0.2""}"
2026-03-17 16:11:25,41,s41_label_drop_prob_0.3,done,0.2105,Sweep label_drop_prob=0.3 (current=0.15). Label dropout sweep,"{""label_drop_prob"": ""0.3""}"
2026-03-17 16:11:40,42,s42_bottleneck_dim_256,done,0.2183,Sweep bottleneck_dim=256 (current=768). Patch embed bottleneck width sweep,"{""bottleneck_dim"": ""256""}"
2026-03-17 16:11:54,42,s42_bottleneck_dim_384,done,0.2182,Sweep bottleneck_dim=384 (current=768). Patch embed bottleneck width sweep,"{""bottleneck_dim"": ""384""}"
2026-03-17 16:12:07,42,s42_bottleneck_dim_512,done,0.2055,Sweep bottleneck_dim=512 (current=768). Patch embed bottleneck width sweep,"{""bottleneck_dim"": ""512""}"
2026-03-17 16:12:21,42,s42_bottleneck_dim_1024,done,0.2032,Sweep bottleneck_dim=1024 (current=768). Patch embed bottleneck width sweep,"{""bottleneck_dim"": ""1024""}"
2026-03-17 16:12:35,42,s42_bottleneck_dim_1536,done,0.2089,Sweep bottleneck_dim=1536 (current=768). Patch embed bottleneck width sweep,"{""bottleneck_dim"": ""1536""}"
2026-03-17 16:12:50,43,s43_blr_2e-3,done,0.2231,Sweep blr=2e-3 (current=3e-3). LR sweep around current best 3e-3,"{""blr"": ""2e-3""}"
2026-03-17 16:13:04,43,s43_blr_4e-3,done,0.2161,Sweep blr=4e-3 (current=3e-3). LR sweep around current best 3e-3,"{""blr"": ""4e-3""}"
2026-03-17 16:13:18,43,s43_blr_5e-3,done,0.2390,Sweep blr=5e-3 (current=3e-3). LR sweep around current best 3e-3,"{""blr"": ""5e-3""}"
2026-03-17 16:13:32,43,s43_blr_6e-3,done,0.2731,Sweep blr=6e-3 (current=3e-3). LR sweep around current best 3e-3,"{""blr"": ""6e-3""}"
2026-03-17 16:13:46,43,s43_blr_8e-3,done,0.4212,Sweep blr=8e-3 (current=3e-3). LR sweep around current best 3e-3,"{""blr"": ""8e-3""}"
2026-03-17 16:14:01,44,s44_P_mean_-1.0,done,0.2231,Sweep P_mean=-1.0 (current=-1.5). P_mean sweep around current -2.0,"{""P_mean"": ""-1.0""}"
2026-03-17 16:14:15,44,s44_P_mean_-1.5,done,0.2107,Sweep P_mean=-1.5 (current=-1.5). P_mean sweep around current -2.0,"{""P_mean"": ""-1.5""}"
2026-03-17 16:14:29,44,s44_P_mean_-2.5,done,0.2417,Sweep P_mean=-2.5 (current=-1.5). P_mean sweep around current -2.0,"{""P_mean"": ""-2.5""}"
2026-03-17 16:14:43,44,s44_P_mean_-3.0,done,0.2801,Sweep P_mean=-3.0 (current=-1.5). P_mean sweep around current -2.0,"{""P_mean"": ""-3.0""}"
2026-03-17 16:14:57,44,s44_P_mean_-4.0,done,0.3122,Sweep P_mean=-4.0 (current=-1.5). P_mean sweep around current -2.0,"{""P_mean"": ""-4.0""}"
2026-03-17 16:15:12,45,s45_P_std_0.05,done,0.2096,Sweep P_std=0.05 (current=0.1). P_std sweep around current 0.1,"{""P_std"": ""0.05""}"
2026-03-17 16:15:26,45,s45_P_std_0.08,done,0.2101,Sweep P_std=0.08 (current=0.1). P_std sweep around current 0.1,"{""P_std"": ""0.08""}"
2026-03-17 16:15:39,45,s45_P_std_0.15,done,0.2123,Sweep P_std=0.15 (current=0.1). P_std sweep around current 0.1,"{""P_std"": ""0.15""}"
2026-03-17 16:15:53,45,s45_P_std_0.2,done,0.2144,Sweep P_std=0.2 (current=0.1). P_std sweep around current 0.1,"{""P_std"": ""0.2""}"
2026-03-17 16:16:07,45,s45_P_std_0.3,done,0.2206,Sweep P_std=0.3 (current=0.1). P_std sweep around current 0.1,"{""P_std"": ""0.3""}"
2026-03-17 16:16:22,46,s46_batch_size_32,done,0.2345,Sweep batch_size=32 (current=64). Batch size sweep,"{""batch_size"": ""32""}"
2026-03-17 16:16:35,46,s46_batch_size_48,done,0.2138,Sweep batch_size=48 (current=64). Batch size sweep,"{""batch_size"": ""48""}"
2026-03-17 16:16:49,46,s46_batch_size_96,done,0.2393,Sweep batch_size=96 (current=64). Batch size sweep,"{""batch_size"": ""96""}"
2026-03-17 16:17:03,46,s46_batch_size_128,done,0.3475,Sweep batch_size=128 (current=64). Batch size sweep,"{""batch_size"": ""128""}"
2026-03-17 16:17:18,46,s46_batch_size_256,done,1.8795,Sweep batch_size=256 (current=64). Batch size sweep,"{""batch_size"": ""256""}"
2026-03-17 16:17:33,47,s47_in_context_len_4,done,0.2098,Sweep in_context_len=4 (current=16). In-context token count sweep,"{""in_context_len"": ""4""}"
2026-03-17 16:17:47,47,s47_in_context_len_8,done,0.2044,Sweep in_context_len=8 (current=16). In-context token count sweep,"{""in_context_len"": ""8""}"
2026-03-17 16:18:01,47,s47_in_context_len_24,done,0.2097,Sweep in_context_len=24 (current=16). In-context token count sweep,"{""in_context_len"": ""24""}"
2026-03-17 16:18:15,47,s47_in_context_len_32,done,0.2107,Sweep in_context_len=32 (current=16). In-context token count sweep,"{""in_context_len"": ""32""}"
2026-03-17 16:18:29,47,s47_in_context_len_48,done,0.2214,Sweep in_context_len=48 (current=16). In-context token count sweep,"{""in_context_len"": ""48""}"
2026-03-17 16:18:44,48,s48_in_context_start_2,done,0.2122,Sweep in_context_start=2 (current=10). In-context injection layer sweep,"{""in_context_start"": ""2""}"
2026-03-17 16:18:58,48,s48_in_context_start_4,done,0.2120,Sweep in_context_start=4 (current=10). In-context injection layer sweep,"{""in_context_start"": ""4""}"
2026-03-17 16:19:11,48,s48_in_context_start_6,done,0.2097,Sweep in_context_start=6 (current=10). In-context injection layer sweep,"{""in_context_start"": ""6""}"
2026-03-17 16:19:25,48,s48_in_context_start_8,done,0.2111,Sweep in_context_start=8 (current=10). In-context injection layer sweep,"{""in_context_start"": ""8""}"
2026-03-17 16:19:39,48,s48_in_context_start_11,done,0.2107,Sweep in_context_start=11 (current=10). In-context injection layer sweep,"{""in_context_start"": ""11""}"
2026-03-17 16:19:54,49,s49_mlp_ratio_0.5,done,0.2027,Sweep mlp_ratio=0.5 (current=1.0). MLP expansion ratio sweep,"{""mlp_ratio"": ""0.5""}"
2026-03-17 16:20:08,49,s49_mlp_ratio_0.75,done,0.2125,Sweep mlp_ratio=0.75 (current=1.0). MLP expansion ratio sweep,"{""mlp_ratio"": ""0.75""}"
2026-03-17 16:20:22,49,s49_mlp_ratio_1.5,done,0.2091,Sweep mlp_ratio=1.5 (current=1.0). MLP expansion ratio sweep,"{""mlp_ratio"": ""1.5""}"
2026-03-17 16:20:36,49,s49_mlp_ratio_2.0,done,0.2096,Sweep mlp_ratio=2.0 (current=1.0). MLP expansion ratio sweep,"{""mlp_ratio"": ""2.0""}"
2026-03-17 16:20:50,49,s49_mlp_ratio_3.0,done,0.2212,Sweep mlp_ratio=3.0 (current=1.0). MLP expansion ratio sweep,"{""mlp_ratio"": ""3.0""}"
2026-03-17 16:21:05,50,s50_grad_clip_0.5,done,0.2107,Sweep grad_clip=0.5 (current=0.0). Gradient clipping sweep,"{""grad_clip"": ""0.5""}"
2026-03-17 16:21:19,50,s50_grad_clip_1.0,done,0.2201,Sweep grad_clip=1.0 (current=0.0). Gradient clipping sweep,"{""grad_clip"": ""1.0""}"
2026-03-17 16:21:33,50,s50_grad_clip_2.0,done,0.2107,Sweep grad_clip=2.0 (current=0.0). Gradient clipping sweep,"{""grad_clip"": ""2.0""}"
2026-03-17 16:21:47,50,s50_grad_clip_5.0,done,0.2107,Sweep grad_clip=5.0 (current=0.0). Gradient clipping sweep,"{""grad_clip"": ""5.0""}"
2026-03-17 16:22:00,50,s50_grad_clip_10.0,done,0.2107,Sweep grad_clip=10.0 (current=0.0). Gradient clipping sweep,"{""grad_clip"": ""10.0""}"
2026-03-17 16:22:15,51,s51_label_drop_prob_0.0,done,0.2104,Sweep label_drop_prob=0.0 (current=0.15). Label dropout sweep,"{""label_drop_prob"": ""0.0""}"
2026-03-17 16:22:29,51,s51_label_drop_prob_0.05,done,0.2104,Sweep label_drop_prob=0.05 (current=0.15). Label dropout sweep,"{""label_drop_prob"": ""0.05""}"
2026-03-17 16:22:43,51,s51_label_drop_prob_0.15,done,0.2033,Sweep label_drop_prob=0.15 (current=0.15). Label dropout sweep,"{""label_drop_prob"": ""0.15""}"
2026-03-17 16:22:57,51,s51_label_drop_prob_0.2,done,0.2029,Sweep label_drop_prob=0.2 (current=0.15). Label dropout sweep,"{""label_drop_prob"": ""0.2""}"
2026-03-17 16:23:11,51,s51_label_drop_prob_0.3,done,0.2105,Sweep label_drop_prob=0.3 (current=0.15). Label dropout sweep,"{""label_drop_prob"": ""0.3""}"
2026-03-17 16:23:26,52,s52_bottleneck_dim_256,done,0.2265,Sweep bottleneck_dim=256 (current=768). Patch embed bottleneck width sweep,"{""bottleneck_dim"": ""256""}"
2026-03-17 16:23:40,52,s52_bottleneck_dim_384,done,0.2182,Sweep bottleneck_dim=384 (current=768). Patch embed bottleneck width sweep,"{""bottleneck_dim"": ""384""}"
2026-03-17 16:23:53,52,s52_bottleneck_dim_512,done,0.2135,Sweep bottleneck_dim=512 (current=768). Patch embed bottleneck width sweep,"{""bottleneck_dim"": ""512""}"
2026-03-17 16:24:07,52,s52_bottleneck_dim_1024,done,0.2106,Sweep bottleneck_dim=1024 (current=768). Patch embed bottleneck width sweep,"{""bottleneck_dim"": ""1024""}"
2026-03-17 16:24:21,52,s52_bottleneck_dim_1536,done,0.2089,Sweep bottleneck_dim=1536 (current=768). Patch embed bottleneck width sweep,"{""bottleneck_dim"": ""1536""}"
2026-03-17 16:24:37,53,s53_blr_2e-3,done,0.2231,Sweep blr=2e-3 (current=3e-3). LR sweep around current best 3e-3,"{""blr"": ""2e-3""}"
2026-03-17 16:24:51,53,s53_blr_4e-3,done,0.2161,Sweep blr=4e-3 (current=3e-3). LR sweep around current best 3e-3,"{""blr"": ""4e-3""}"
2026-03-17 16:25:04,53,s53_blr_5e-3,done,0.2390,Sweep blr=5e-3 (current=3e-3). LR sweep around current best 3e-3,"{""blr"": ""5e-3""}"
2026-03-17 16:25:18,53,s53_blr_6e-3,done,0.2731,Sweep blr=6e-3 (current=3e-3). LR sweep around current best 3e-3,"{""blr"": ""6e-3""}"
2026-03-17 16:25:32,53,s53_blr_8e-3,done,0.4212,Sweep blr=8e-3 (current=3e-3). LR sweep around current best 3e-3,"{""blr"": ""8e-3""}"
2026-03-17 16:25:47,54,s54_P_mean_-1.0,done,0.2137,Sweep P_mean=-1.0 (current=-1.5). P_mean sweep around current -2.0,"{""P_mean"": ""-1.0""}"
2026-03-17 16:26:01,54,s54_P_mean_-1.5,done,0.2107,Sweep P_mean=-1.5 (current=-1.5). P_mean sweep around current -2.0,"{""P_mean"": ""-1.5""}"
2026-03-17 16:26:15,54,s54_P_mean_-2.5,done,0.2417,Sweep P_mean=-2.5 (current=-1.5). P_mean sweep around current -2.0,"{""P_mean"": ""-2.5""}"
2026-03-17 16:26:29,54,s54_P_mean_-3.0,done,0.2730,Sweep P_mean=-3.0 (current=-1.5). P_mean sweep around current -2.0,"{""P_mean"": ""-3.0""}"
2026-03-17 16:26:43,54,s54_P_mean_-4.0,done,0.3122,Sweep P_mean=-4.0 (current=-1.5). P_mean sweep around current -2.0,"{""P_mean"": ""-4.0""}"
2026-03-17 16:26:58,55,s55_P_std_0.05,done,0.2096,Sweep P_std=0.05 (current=0.1). P_std sweep around current 0.1,"{""P_std"": ""0.05""}"
2026-03-17 16:27:13,55,s55_P_std_0.08,done,0.2101,Sweep P_std=0.08 (current=0.1). P_std sweep around current 0.1,"{""P_std"": ""0.08""}"
2026-03-17 16:27:27,55,s55_P_std_0.15,done,0.2123,Sweep P_std=0.15 (current=0.1). P_std sweep around current 0.1,"{""P_std"": ""0.15""}"
2026-03-17 16:27:40,55,s55_P_std_0.2,done,0.2144,Sweep P_std=0.2 (current=0.1). P_std sweep around current 0.1,"{""P_std"": ""0.2""}"
2026-03-17 16:27:54,55,s55_P_std_0.3,done,0.2133,Sweep P_std=0.3 (current=0.1). P_std sweep around current 0.1,"{""P_std"": ""0.3""}"
2026-03-17 16:28:09,56,s56_batch_size_32,done,0.2120,Sweep batch_size=32 (current=64). Batch size sweep,"{""batch_size"": ""32""}"
2026-03-17 16:28:23,56,s56_batch_size_48,done,0.2138,Sweep batch_size=48 (current=64). Batch size sweep,"{""batch_size"": ""48""}"
2026-03-17 16:28:37,56,s56_batch_size_96,done,0.2560,Sweep batch_size=96 (current=64). Batch size sweep,"{""batch_size"": ""96""}"
2026-03-17 16:28:51,56,s56_batch_size_128,done,0.3475,Sweep batch_size=128 (current=64). Batch size sweep,"{""batch_size"": ""128""}"
2026-03-17 16:29:06,56,s56_batch_size_256,done,1.8795,Sweep batch_size=256 (current=64). Batch size sweep,"{""batch_size"": ""256""}"
2026-03-17 16:29:21,57,s57_in_context_len_4,done,0.2098,Sweep in_context_len=4 (current=16). In-context token count sweep,"{""in_context_len"": ""4""}"
2026-03-17 16:29:34,57,s57_in_context_len_8,done,0.2044,Sweep in_context_len=8 (current=16). In-context token count sweep,"{""in_context_len"": ""8""}"
2026-03-17 16:29:48,57,s57_in_context_len_24,done,0.2097,Sweep in_context_len=24 (current=16). In-context token count sweep,"{""in_context_len"": ""24""}"
2026-03-17 16:30:02,57,s57_in_context_len_32,done,0.2207,Sweep in_context_len=32 (current=16). In-context token count sweep,"{""in_context_len"": ""32""}"
2026-03-17 16:30:16,57,s57_in_context_len_48,done,0.2117,Sweep in_context_len=48 (current=16). In-context token count sweep,"{""in_context_len"": ""48""}"
2026-03-17 16:30:31,58,s58_in_context_start_2,done,0.2211,Sweep in_context_start=2 (current=10). In-context injection layer sweep,"{""in_context_start"": ""2""}"
2026-03-17 16:30:45,58,s58_in_context_start_4,done,0.2209,Sweep in_context_start=4 (current=10). In-context injection layer sweep,"{""in_context_start"": ""4""}"
2026-03-17 16:30:59,58,s58_in_context_start_6,done,0.2190,Sweep in_context_start=6 (current=10). In-context injection layer sweep,"{""in_context_start"": ""6""}"
2026-03-17 16:31:13,58,s58_in_context_start_8,done,0.2111,Sweep in_context_start=8 (current=10). In-context injection layer sweep,"{""in_context_start"": ""8""}"
2026-03-17 16:31:27,58,s58_in_context_start_11,done,0.2107,Sweep in_context_start=11 (current=10). In-context injection layer sweep,"{""in_context_start"": ""11""}"
2026-03-17 16:31:42,59,s59_mlp_ratio_0.5,done,0.2102,Sweep mlp_ratio=0.5 (current=1.0). MLP expansion ratio sweep,"{""mlp_ratio"": ""0.5""}"
2026-03-17 16:31:56,59,s59_mlp_ratio_0.75,done,0.2049,Sweep mlp_ratio=0.75 (current=1.0). MLP expansion ratio sweep,"{""mlp_ratio"": ""0.75""}"
2026-03-17 16:32:10,59,s59_mlp_ratio_1.5,done,0.2091,Sweep mlp_ratio=1.5 (current=1.0). MLP expansion ratio sweep,"{""mlp_ratio"": ""1.5""}"
2026-03-17 16:32:24,59,s59_mlp_ratio_2.0,done,0.2194,Sweep mlp_ratio=2.0 (current=1.0). MLP expansion ratio sweep,"{""mlp_ratio"": ""2.0""}"
2026-03-17 16:32:38,59,s59_mlp_ratio_3.0,done,0.2212,Sweep mlp_ratio=3.0 (current=1.0). MLP expansion ratio sweep,"{""mlp_ratio"": ""3.0""}"
2026-03-17 16:32:53,60,s60_grad_clip_0.5,done,0.2107,Sweep grad_clip=0.5 (current=0.0). Gradient clipping sweep,"{""grad_clip"": ""0.5""}"
2026-03-17 16:33:07,60,s60_grad_clip_1.0,done,0.2107,Sweep grad_clip=1.0 (current=0.0). Gradient clipping sweep,"{""grad_clip"": ""1.0""}"
2026-03-17 16:33:21,60,s60_grad_clip_2.0,done,0.2107,Sweep grad_clip=2.0 (current=0.0). Gradient clipping sweep,"{""grad_clip"": ""2.0""}"
2026-03-17 16:33:35,60,s60_grad_clip_5.0,done,0.2107,Sweep grad_clip=5.0 (current=0.0). Gradient clipping sweep,"{""grad_clip"": ""5.0""}"
2026-03-17 16:33:49,60,s60_grad_clip_10.0,done,0.2107,Sweep grad_clip=10.0 (current=0.0). Gradient clipping sweep,"{""grad_clip"": ""10.0""}"
2026-03-17 16:34:04,61,s61_label_drop_prob_0.0,done,0.2104,Sweep label_drop_prob=0.0 (current=0.15). Label dropout sweep,"{""label_drop_prob"": ""0.0""}"
2026-03-17 16:34:18,61,s61_label_drop_prob_0.05,done,0.2104,Sweep label_drop_prob=0.05 (current=0.15). Label dropout sweep,"{""label_drop_prob"": ""0.05""}"
2026-03-17 16:34:32,61,s61_label_drop_prob_0.15,done,0.2107,Sweep label_drop_prob=0.15 (current=0.15). Label dropout sweep,"{""label_drop_prob"": ""0.15""}"
2026-03-17 16:34:46,61,s61_label_drop_prob_0.2,done,0.2105,Sweep label_drop_prob=0.2 (current=0.15). Label dropout sweep,"{""label_drop_prob"": ""0.2""}"
2026-03-17 16:35:00,61,s61_label_drop_prob_0.3,done,0.2105,Sweep label_drop_prob=0.3 (current=0.15). Label dropout sweep,"{""label_drop_prob"": ""0.3""}"
2026-03-17 16:35:15,62,s62_bottleneck_dim_256,done,0.2265,Sweep bottleneck_dim=256 (current=768). Patch embed bottleneck width sweep,"{""bottleneck_dim"": ""256""}"
2026-03-17 16:35:29,62,s62_bottleneck_dim_384,done,0.2182,Sweep bottleneck_dim=384 (current=768). Patch embed bottleneck width sweep,"{""bottleneck_dim"": ""384""}"
2026-03-17 16:35:43,62,s62_bottleneck_dim_512,done,0.2135,Sweep bottleneck_dim=512 (current=768). Patch embed bottleneck width sweep,"{""bottleneck_dim"": ""512""}"
2026-03-17 16:35:57,62,s62_bottleneck_dim_1024,done,0.2106,Sweep bottleneck_dim=1024 (current=768). Patch embed bottleneck width sweep,"{""bottleneck_dim"": ""1024""}"
2026-03-17 16:36:10,62,s62_bottleneck_dim_1536,done,0.2089,Sweep bottleneck_dim=1536 (current=768). Patch embed bottleneck width sweep,"{""bottleneck_dim"": ""1536""}"
2026-03-17 16:36:25,63,s63_blr_2e-3,done,0.2231,Sweep blr=2e-3 (current=3e-3). LR sweep around current best 3e-3,"{""blr"": ""2e-3""}"
2026-03-17 16:36:39,63,s63_blr_4e-3,done,0.2161,Sweep blr=4e-3 (current=3e-3). LR sweep around current best 3e-3,"{""blr"": ""4e-3""}"
2026-03-17 16:36:53,63,s63_blr_5e-3,done,0.2390,Sweep blr=5e-3 (current=3e-3). LR sweep around current best 3e-3,"{""blr"": ""5e-3""}"
2026-03-17 16:37:07,63,s63_blr_6e-3,done,0.2731,Sweep blr=6e-3 (current=3e-3). LR sweep around current best 3e-3,"{""blr"": ""6e-3""}"
2026-03-17 16:37:21,63,s63_blr_8e-3,done,0.4212,Sweep blr=8e-3 (current=3e-3). LR sweep around current best 3e-3,"{""blr"": ""8e-3""}"
2026-03-17 16:37:36,64,s64_P_mean_-1.0,done,0.2231,Sweep P_mean=-1.0 (current=-1.5). P_mean sweep around current -2.0,"{""P_mean"": ""-1.0""}"
2026-03-17 16:37:50,64,s64_P_mean_-1.5,done,0.2107,Sweep P_mean=-1.5 (current=-1.5). P_mean sweep around current -2.0,"{""P_mean"": ""-1.5""}"
2026-03-17 16:38:04,64,s64_P_mean_-2.5,done,0.2417,Sweep P_mean=-2.5 (current=-1.5). P_mean sweep around current -2.0,"{""P_mean"": ""-2.5""}"
2026-03-17 16:38:18,64,s64_P_mean_-3.0,done,0.2801,Sweep P_mean=-3.0 (current=-1.5). P_mean sweep around current -2.0,"{""P_mean"": ""-3.0""}"
2026-03-17 16:38:32,64,s64_P_mean_-4.0,done,0.3122,Sweep P_mean=-4.0 (current=-1.5). P_mean sweep around current -2.0,"{""P_mean"": ""-4.0""}"
2026-03-17 16:38:47,65,s65_P_std_0.05,done,0.2096,Sweep P_std=0.05 (current=0.1). P_std sweep around current 0.1,"{""P_std"": ""0.05""}"
2026-03-17 16:39:01,65,s65_P_std_0.08,done,0.2027,Sweep P_std=0.08 (current=0.1). P_std sweep around current 0.1,"{""P_std"": ""0.08""}"
2026-03-17 16:39:15,65,s65_P_std_0.15,done,0.2123,Sweep P_std=0.15 (current=0.1). P_std sweep around current 0.1,"{""P_std"": ""0.15""}"
2026-03-17 16:39:29,65,s65_P_std_0.2,done,0.2074,Sweep P_std=0.2 (current=0.1). P_std sweep around current 0.1,"{""P_std"": ""0.2""}"
2026-03-17 16:39:43,65,s65_P_std_0.3,done,0.2206,Sweep P_std=0.3 (current=0.1). P_std sweep around current 0.1,"{""P_std"": ""0.3""}"
2026-03-17 16:39:58,66,s66_batch_size_32,done,0.2250,Sweep batch_size=32 (current=64). Batch size sweep,"{""batch_size"": ""32""}"
2026-03-17 16:40:12,66,s66_batch_size_48,done,0.2138,Sweep batch_size=48 (current=64). Batch size sweep,"{""batch_size"": ""48""}"
2026-03-17 16:40:26,66,s66_batch_size_96,done,0.2560,Sweep batch_size=96 (current=64). Batch size sweep,"{""batch_size"": ""96""}"
2026-03-17 16:40:40,66,s66_batch_size_128,done,0.3475,Sweep batch_size=128 (current=64). Batch size sweep,"{""batch_size"": ""128""}"
2026-03-17 16:40:55,66,s66_batch_size_256,done,1.8795,Sweep batch_size=256 (current=64). Batch size sweep,"{""batch_size"": ""256""}"
2026-03-17 16:41:10,67,s67_in_context_len_4,done,0.2098,Sweep in_context_len=4 (current=16). In-context token count sweep,"{""in_context_len"": ""4""}"
2026-03-17 16:41:24,67,s67_in_context_len_8,done,0.2121,Sweep in_context_len=8 (current=16). In-context token count sweep,"{""in_context_len"": ""8""}"
2026-03-17 16:41:37,67,s67_in_context_len_24,done,0.2097,Sweep in_context_len=24 (current=16). In-context token count sweep,"{""in_context_len"": ""24""}"
2026-03-17 16:41:51,67,s67_in_context_len_32,done,0.2107,Sweep in_context_len=32 (current=16). In-context token count sweep,"{""in_context_len"": ""32""}"
2026-03-17 16:42:05,67,s67_in_context_len_48,done,0.2117,Sweep in_context_len=48 (current=16). In-context token count sweep,"{""in_context_len"": ""48""}"
2026-03-17 16:42:20,68,s68_in_context_start_2,done,0.2211,Sweep in_context_start=2 (current=10). In-context injection layer sweep,"{""in_context_start"": ""2""}"
2026-03-17 16:42:34,68,s68_in_context_start_4,done,0.2209,Sweep in_context_start=4 (current=10). In-context injection layer sweep,"{""in_context_start"": ""4""}"
2026-03-17 16:42:48,68,s68_in_context_start_6,done,0.2097,Sweep in_context_start=6 (current=10). In-context injection layer sweep,"{""in_context_start"": ""6""}"
